{
  "unit": "p",
  "a": 0.016695786886914407,
  "b": -1.7010962658032376,
  "c": 0.016695786886914407
}