{
  "unit": "p",
  "a": -0.01027472,
  "b": 0.21641852,
  "c": 24.06241199
}