{
  "unit": "p",
  "a": -0.05251727,
  "b": 5.97180754,
  "c": -147.46656691
}